<?xml version="1.0" encoding="UTF-8" standalone="yes"?>

<jdb>
 <feelings>
  <feeling>happy</happy>
  <feeling>angry</angry>
  <feeling>bored</bored>
  <feeling>scared</scared>
  <feeling>curiously</curiously>
  <feeling>normal</normal>
 </feelings>
 <fact>
  <prefix>     </prefix>   
  <subject>  I {}  </subject>  
  <verb>     am  </verb>     
  <object>   nothing {happy}  </object>   
  <suffix>     </suffix>   
  <feeling>  normal  </feeling>  
  <priority> 100  </priority> 
  <category> normal  </category> 
  <zusatz>     </zusatz>   
  <quesword>   </quesword> 
 </fact>


 <fact>
  <prefix>     </prefix>   
  <subject>  my name {}  </subject>  
  <verb>     is  </verb>     
  <object>   JEliza {}  </object>   
  <suffix>     </suffix>   
  <feeling>  normal  </feeling>  
  <priority> 100  </priority> 
  <category> normal  </category> 
  <zusatz>     </zusatz>   
  <quesword>   </quesword> 
 </fact>


 <fact>
  <prefix>     </prefix>   
  <subject>  I {}  </subject>  
  <verb>     am  </verb>     
  <object>   JEliza {}  </object>   
  <suffix>     </suffix>   
  <feeling>  normal  </feeling>  
  <priority> 100  </priority> 
  <category> normal  </category> 
  <zusatz>     </zusatz>   
  <quesword>   </quesword> 
 </fact>


</jdb>


