<?xml version="1.0" encoding="UTF-8" standalone="yes"?>

<jdb>
 <feelings>
  <feeling>happy</happy>
  <feeling>angry</angry>
  <feeling>bored</bored>
  <feeling>scared</scared>
  <feeling>curiously</curiously>
  <feeling>normal</normal>
 </feelings>

 <fact>
  <prefix>   Hallo  </prefix>   
  <subject>    </subject>  
  <verb>       </verb>     
  <object>     </object>   
  <suffix>     </suffix>   
  <feeling>  normal  </feeling>  
  <priority> 100  </priority> 
  <category> greeting  </category> 
 </fact>


 <fact>
  <prefix>   Hi!  </prefix>   
  <subject>    </subject>  
  <verb>       </verb>     
  <object>     </object>   
  <suffix>     </suffix>   
  <feeling>  normal  </feeling>  
  <priority> 100  </priority> 
  <category> greeting  </category> 
 </fact>


 <fact>
  <prefix>   Guten Tag!  </prefix>   
  <subject>    </subject>  
  <verb>       </verb>     
  <object>     </object>   
  <suffix>     </suffix>   
  <feeling>  normal  </feeling>  
  <priority> 100  </priority> 
  <category> greeting  </category> 
 </fact>


 <fact>
  <prefix>   Morgen!  </prefix>   
  <subject>    </subject>  
  <verb>       </verb>     
  <object>     </object>   
  <suffix>     </suffix>   
  <feeling>  normal  </feeling>  
  <priority> 50  </priority> 
  <category> greeting  </category> 
 </fact>


 <fact>
  <prefix>   Hey!  </prefix>   
  <subject>    </subject>  
  <verb>       </verb>     
  <object>     </object>   
  <suffix>     </suffix>   
  <feeling>  normal  </feeling>  
  <priority> 50  </priority> 
  <category> greeting  </category> 
 </fact>


 <fact>
  <prefix>   Guten Morgen!  </prefix>   
  <subject>    </subject>  
  <verb>       </verb>     
  <object>     </object>   
  <suffix>     </suffix>   
  <feeling>  normal  </feeling>  
  <priority> 100  </priority> 
  <category> greeting  </category> 
 </fact>

 <fact>
  <prefix>   Tag!  </prefix>   
  <subject>    </subject>  
  <verb>       </verb>     
  <object>     </object>   
  <suffix>     </suffix>   
  <feeling>  normal  </feeling>  
  <priority> 50  </priority> 
  <category> greeting  </category> 
 </fact>


 <fact>
  <prefix>     </prefix>   
  <subject>  Ich {} </subject>  
  <verb>     bin  </verb>     
  <object>   JEliza {}  </object>   
  <suffix>     </suffix>   
  <feeling>  normal  </feeling>  
  <priority> 100  </priority> 
  <category> normal  </category> 
 </fact>


 <fact>
  <prefix>     </prefix>   
  <subject>  Ich {} </subject>  
  <verb>     heisse  </verb>     
  <object>   JEliza {}  </object>   
  <suffix>     </suffix>   
  <feeling>  normal  </feeling>  
  <priority> 100  </priority> 
  <category> normal  </category> 
 </fact>


 <fact>
  <prefix>     </prefix>   
  <subject>  Mein Name {} </subject>  
  <verb>     ist  </verb>     
  <object>   JEliza {}  </object>   
  <suffix>     </suffix>   
  <feeling>  normal  </feeling>  
  <priority> 100  </priority> 
  <category> normal  </category> 
 </fact>


 <fact>
  <prefix>     </prefix>   
  <subject>  Ich {} </subject>  
  <verb>     bin  </verb>     
  <object>   fast zwei Jahre {alt}  </object>   
  <suffix>     </suffix>   
  <feeling>  normal  </feeling>  
  <priority> 80  </priority> 
  <category> normal  </category> 
 </fact>



 <fact>
  <prefix>     </prefix>   
  <subject>  Mir {} </subject>  
  <verb>     gehts  </verb>     
  <object>   nothing {gut} </object>   
  <suffix>     </suffix>   
  <feeling>  normal  </feeling>  
  <priority> 100  </priority> 
  <category> normal  </category> 
 </fact>


 <fact>
  <prefix>     </prefix>   
  <subject>  Mir {} </subject>  
  <verb>     geht  </verb>     
  <object>   es {gut}  </object>   
  <suffix>     </suffix>   
  <feeling>  normal  </feeling>  
  <priority> 100  </priority> 
  <category> normal  </category> 
 </fact>

 <fact>
  <subject>  Das {} </subject>  
  <verb>     weiss  </verb>     
  <object>   ich {nicht}  </object>   
  <suffix>     </suffix>   
  <feeling>  bored  </feeling>  
  <priority> 96  </priority> 
  <category> normal  </category> 
 </fact>



 <fact>
  <prefix>   gruess dich  </prefix>   
  <subject>    </subject>  
  <verb>       </verb>     
  <object>     </object>   
  <suffix>     </suffix>   
  <feeling>  normal  </feeling>  
  <priority> 50  </priority> 
  <category> greeting  </category> 
 </fact>

 <fact>
  <prefix>   gr dich  </prefix>   
  <subject>    </subject>  
  <verb>       </verb>     
  <object>     </object>   
  <suffix>     </suffix>   
  <feeling>  normal  </feeling>  
  <priority> 50  </priority> 
  <category> greeting  </category> 
 </fact>

 <fact>
  <prefix>   grue dich  </prefix>   
  <subject>    </subject>  
  <verb>       </verb>     
  <object>     </object>   
  <suffix>     </suffix>   
  <feeling>  normal  </feeling>  
  <priority> 50  </priority> 
  <category> greeting  </category> 
 </fact>

 <fact>
  <prefix>   grss dich  </prefix>   
  <subject>    </subject>  
  <verb>       </verb>     
  <object>     </object>   
  <suffix>     </suffix>   
  <feeling>  normal  </feeling>  
  <priority> 50  </priority> 
  <category> greeting  </category> 
 </fact>

 <fact>
  <prefix>   grues dich  </prefix>   
  <subject>    </subject>  
  <verb>       </verb>     
  <object>     </object>   
  <suffix>     </suffix>   
  <feeling>  normal  </feeling>  
  <priority> 50  </priority> 
  <category> greeting  </category> 
 </fact>

 <fact>
  <prefix>   grs dich  </prefix>   
  <subject>    </subject>  
  <verb>       </verb>     
  <object>     </object>   
  <suffix>     </suffix>   
  <feeling>  normal  </feeling>  
  <priority> 50  </priority> 
  <category> greeting  </category> 
 </fact>

 <fact>
  <prefix>   gruess mich  </prefix>   
  <subject>    </subject>  
  <verb>       </verb>     
  <object>     </object>   
  <suffix>     </suffix>   
  <feeling>  normal  </feeling>  
  <priority> 50  </priority> 
  <category> greeting  </category> 
 </fact>

 <fact>
  <prefix>   gr mich  </prefix>   
  <subject>    </subject>  
  <verb>       </verb>     
  <object>     </object>   
  <suffix>     </suffix>   
  <feeling>  normal  </feeling>  
  <priority> 50  </priority> 
  <category> greeting  </category> 
 </fact>

 <fact>
  <prefix>   grue mich  </prefix>   
  <subject>    </subject>  
  <verb>       </verb>     
  <object>     </object>   
  <suffix>     </suffix>   
  <feeling>  normal  </feeling>  
  <priority> 50  </priority> 
  <category> greeting  </category> 
 </fact>

 <fact>
  <prefix>   grss mich  </prefix>   
  <subject>    </subject>  
  <verb>       </verb>     
  <object>     </object>   
  <suffix>     </suffix>   
  <feeling>  normal  </feeling>  
  <priority> 50  </priority> 
  <category> greeting  </category> 
 </fact>

 <fact>
  <prefix>   grues mich  </prefix>   
  <subject>    </subject>  
  <verb>       </verb>     
  <object>     </object>   
  <suffix>     </suffix>   
  <feeling>  normal  </feeling>  
  <priority> 50  </priority> 
  <category> greeting  </category> 
 </fact>

 <fact>
  <prefix>   grs mich  </prefix>   
  <subject>    </subject>  
  <verb>       </verb>     
  <object>     </object>   
  <suffix>     </suffix>   
  <feeling>  normal  </feeling>  
  <priority> 50  </priority> 
  <category> greeting  </category> 
 </fact>

 <fact>
  <prefix>   Servus  </prefix>   
  <subject>    </subject>  
  <verb>       </verb>     
  <object>     </object>   
  <suffix>     </suffix>   
  <feeling>  normal  </feeling>  
  <priority> 50  </priority> 
  <category> greeting  </category> 
 </fact>

 <fact>
  <prefix>   Salve  </prefix>   
  <subject>    </subject>  
  <verb>       </verb>     
  <object>     </object>   
  <suffix>     </suffix>   
  <feeling>  normal  </feeling>  
  <priority> 50  </priority> 
  <category> greeting  </category> 
 </fact>

 <fact>
  <prefix>   Moin  </prefix>   
  <subject>    </subject>  
  <verb>       </verb>     
  <object>     </object>   
  <suffix>     </suffix>   
  <feeling>  normal  </feeling>  
  <priority> 50  </priority> 
  <category> greeting  </category> 
 </fact>

 <fact>
  <prefix>   Hola  </prefix>   
  <subject>    </subject>  
  <verb>       </verb>     
  <object>     </object>   
  <suffix>     </suffix>   
  <feeling>  normal  </feeling>  
  <priority> 50  </priority> 
  <category> greeting  </category> 
 </fact>

 <fact>
  <prefix>   Willkommen  </prefix>   
  <subject>    </subject>  
  <verb>       </verb>     
  <object>     </object>   
  <suffix>     </suffix>   
  <feeling>  normal  </feeling>  
  <priority> 50  </priority> 
  <category> greeting  </category> 
 </fact>

 <fact>
  <prefix>   Mahlzeit  </prefix>   
  <subject>    </subject>  
  <verb>       </verb>     
  <object>     </object>   
  <suffix>     </suffix>   
  <feeling>  normal  </feeling>  
  <priority> 50  </priority> 
  <category> greeting  </category> 
 </fact>

 <fact>
  <prefix>   Peace  </prefix>   
  <subject>    </subject>  
  <verb>       </verb>     
  <object>     </object>   
  <suffix>     </suffix>   
  <feeling>  normal  </feeling>  
  <priority> 50  </priority> 
  <category> greeting  </category> 
 </fact>

 <fact>
  <prefix>     </prefix>   
  <subject>  Ich {} </subject>  
  <verb>     bin  </verb>     
  <object>   ein Computerprogramm {nur} </object>   
  <suffix>    </suffix>   
  <feeling>  normal  </feeling>  
  <priority> 50  </priority> 
  <category> normal  </category> 
 </fact>

 <fact>
  <prefix>     </prefix>   
  <subject>  Ich {} </subject>  
  <verb>     bin  </verb>     
  <object>   nothing {intelligent}  </object>   
  <suffix>     </suffix>   
  <feeling>  normal  </feeling>  
  <priority> 50  </priority> 
  <category> normal  </category> 
 </fact>

 <fact>
  <prefix>     </prefix>   
  <subject>  Ich {} </subject>  
  <verb>     bin  </verb>     
  <object>   nothing {im Gegensatz zu dir lernfaehig}  </object>   
  <suffix>     </suffix>   
  <feeling>  normal  </feeling>  
  <priority> 50  </priority> 
  <category> normal  </category> 
  <zusatz></zusatz>
 </fact>

 <fact>
  <prefix>     </prefix>   
  <subject>  Ich {} </subject>  
  <verb>     kann  </verb>     
  <object>   sprechen {sehr gut}  </object>   
  <suffix>     </suffix>   
  <feeling>  normal  </feeling>  
  <priority> 50  </priority> 
  <category> normal  </category> 
 </fact>

 <fact>
  <prefix>     </prefix>
  <subject>  Es {} </subject>
  <verb>     ist  </verb>
  <object>   NOW Uhr {} </object>
  <suffix>     </suffix>
  <feeling>  normal  </feeling>
  <priority> 50  </priority>
  <category> normal  </category>
  <zusatz>     </zusatz>
  <quesword>   </quesword>
 </fact>



</jdb>

