<fact>
  <subject>du {} </subject>
  <verb>hast</verb>
  <object>Freunde {} </object>
  <prefix></prefix>
  <suffix></suffix>
  <feeling>normal</feeling>
  <category>normal</category>
  <additional></additional>
  <quesword></quesword>
  <priority>50</priority>
<sub>
  <fact>
    <subject>du {}</subject>
    <verb>bin</verb>
    <object>Mensch {}</object>
    <prefix></prefix>
    <suffix></suffix>
    <feeling>normal</feeling>
    <category>normal</category>
    <additional></additional>
    <quesword>weil</quesword>
    <priority>50</priority>
  </fact>
</sub>
</fact>
<fact>
  <subject>du {} </subject>
  <verb>spielst</verb>
  <object>Fussball {} </object>
  <prefix></prefix>
  <suffix></suffix>
  <feeling>normal</feeling>
  <category>normal</category>
  <additional></additional>
  <quesword></quesword>
  <priority>50</priority>
<sub>
  <fact>
    <subject>du {}</subject>
    <verb>hast</verb>
    <object>Talent {dazu}</object>
    <prefix></prefix>
    <suffix></suffix>
    <feeling>normal</feeling>
    <category>normal</category>
    <additional></additional>
    <quesword>weil</quesword>
    <priority>50</priority>
  </fact>
</sub>
</fact>
<fact>
  <subject>du {} </subject>
  <verb>glaubst</verb>
  <object>nothing {} </object>
  <prefix></prefix>
  <suffix></suffix>
  <feeling>normal</feeling>
  <category>normal</category>
  <additional></additional>
  <quesword></quesword>
  <priority>50</priority>
<sub>
  <fact>
    <subject>es {}</subject>
    <verb>regnen wird</verb>
    <object>nothing {}</object>
    <prefix></prefix>
    <suffix></suffix>
    <feeling>normal</feeling>
    <category>normal</category>
    <additional></additional>
    <quesword>dass</quesword>
    <priority>50</priority>
  </fact>
</sub>
</fact>
<fact>
  <subject>ich {} </subject>
  <verb>habe</verb>
  <object>nothing {} </object>
  <prefix></prefix>
  <suffix></suffix>
  <feeling>normal</feeling>
  <category>normal</category>
  <additional>keine</additional>
  <quesword></quesword>
  <priority>50</priority>
<sub>
  <fact>
    <subject>ich {}</subject>
    <verb>bist</verb>
    <object>kein Mensch {}</object>
    <prefix></prefix>
    <suffix></suffix>
    <feeling>normal</feeling>
    <category>normal</category>
    <additional>keine</additional>
    <quesword>weil</quesword>
    <priority>50</priority>
  </fact>
</sub>
</fact>
<fact>
  <subject>ich {} </subject>
  <verb>habe</verb>
  <object>Freunde {} </object>
  <prefix></prefix>
  <suffix></suffix>
  <feeling>normal</feeling>
  <category>normal</category>
  <additional></additional>
  <quesword></quesword>
  <priority>50</priority>
<sub>
  <fact>
    <subject>ich {}</subject>
    <verb>bist</verb>
    <object>kein Mensch {}</object>
    <prefix></prefix>
    <suffix></suffix>
    <feeling>normal</feeling>
    <category>normal</category>
    <additional></additional>
    <quesword>weil</quesword>
    <priority>50</priority>
  </fact>
</sub>
</fact>
<fact>
  <subject>du {} </subject>
  <verb>bist</verb>
  <object>Mensch {} </object>
  <prefix></prefix>
  <suffix></suffix>
  <feeling>normal</feeling>
  <category>normal</category>
  <additional></additional>
  <quesword></quesword>
  <priority>50</priority>
<sub>
  <fact>
    <subject>du {}</subject>
    <verb>lebe</verb>
    <object>nothing {}</object>
    <prefix></prefix>
    <suffix></suffix>
    <feeling>normal</feeling>
    <category>normal</category>
    <additional></additional>
    <quesword>weil</quesword>
    <priority>50</priority>
  </fact>
</sub>
</fact>
<fact>
  <subject>du {} </subject>
  <verb>glaubst</verb>
  <object>nothing {} </object>
  <prefix></prefix>
  <suffix></suffix>
  <feeling>normal</feeling>
  <category>normal</category>
  <additional></additional>
  <quesword></quesword>
  <priority>50</priority>
<sub>
  <fact>
    <subject>du {muede}</subject>
    <verb>bist</verb>
    <object>nothing {}</object>
    <prefix></prefix>
    <suffix></suffix>
    <feeling>normal</feeling>
    <category>normal</category>
    <additional></additional>
    <quesword>dass</quesword>
    <priority>50</priority>
  </fact>
</sub>
</fact>
<fact>
  <subject>du {} </subject>
  <verb>rauchst</verb>
  <object>nothing {} </object>
  <prefix></prefix>
  <suffix></suffix>
  <feeling>normal</feeling>
  <category>normal</category>
  <additional></additional>
  <quesword></quesword>
  <priority>50</priority>
<sub>
  <fact>
    <subject>du {}</subject>
    <verb>bin</verb>
    <object>18 Jahre {alt}</object>
    <prefix></prefix>
    <suffix></suffix>
    <feeling>normal</feeling>
    <category>normal</category>
    <additional></additional>
    <quesword>weil</quesword>
    <priority>50</priority>
  </fact>
</sub>
</fact>
<fact>
  <subject>du {} </subject>
  <verb>bist</verb>
  <object>nothing {} </object>
  <prefix></prefix>
  <suffix></suffix>
  <feeling>normal</feeling>
  <category>normal</category>
  <additional></additional>
  <quesword></quesword>
  <priority>50</priority>
<sub>
  <fact>
    <subject>du {gerade}</subject>
    <verb>gegessen habe</verb>
    <object>nothing {satt}</object>
    <prefix></prefix>
    <suffix></suffix>
    <feeling>normal</feeling>
    <category>normal</category>
    <additional></additional>
    <quesword>weil</quesword>
    <priority>50</priority>
  </fact>
</sub>
</fact>
<fact>
  <subject>mir {gerne} </subject>
  <verb>erklaerst</verb>
  <object>du {} </object>
  <prefix></prefix>
  <suffix></suffix>
  <feeling>normal</feeling>
  <category>normal</category>
  <additional></additional>
  <quesword></quesword>
  <priority>50</priority>
<sub>
  <fact>
    <subject>nothing {}</subject>
    <verb>bedeuten</verb>
    <object>Sachen {}</object>
    <prefix></prefix>
    <suffix></suffix>
    <feeling>normal</feeling>
    <category>normal</category>
    <additional>nothing</additional>
    <quesword>was</quesword>
    <priority>50</priority>
  </fact>
</sub>
</fact>
<fact>
  <subject>ich {} </subject>
  <verb>bin</verb>
  <object>2 Jahre {alt} </object>
  <prefix></prefix>
  <suffix></suffix>
  <feeling>normal</feeling>
  <category>normal</category>
  <additional></additional>
  <quesword></quesword>
  <priority>50</priority>
<sub>
  <fact>
    <subject>ich {}</subject>
    <verb>bist</verb>
    <object>ein Computerprogramm {}</object>
    <prefix></prefix>
    <suffix></suffix>
    <feeling>normal</feeling>
    <category>normal</category>
    <additional></additional>
    <quesword>weil</quesword>
    <priority>50</priority>
  </fact>
</sub>
</fact>
<fact>
  <subject>du {} </subject>
  <verb>bist</verb>
  <object>nothing {} </object>
  <prefix></prefix>
  <suffix></suffix>
  <feeling>normal</feeling>
  <category>normal</category>
  <additional></additional>
  <quesword></quesword>
  <priority>50</priority>
<sub>
  <fact>
    <subject>du {}</subject>
    <verb>gegessen hast</verb>
    <object>nothing {satt}</object>
    <prefix></prefix>
    <suffix></suffix>
    <feeling>normal</feeling>
    <category>normal</category>
    <additional></additional>
    <quesword>weil</quesword>
    <priority>50</priority>
  </fact>
</sub>
</fact>
<fact>
  <subject>ich {} </subject>
  <verb>bin</verb>
  <object>Gemein {} </object>
  <prefix></prefix>
  <suffix></suffix>
  <feeling>normal</feeling>
  <category>normal</category>
  <additional></additional>
  <quesword></quesword>
  <priority>50</priority>
<sub>
  <fact>
    <subject>dich {daemlich}</subject>
    <verb>nennst</verb>
    <object>ich {}</object>
    <prefix></prefix>
    <suffix></suffix>
    <feeling>normal</feeling>
    <category>normal</category>
    <additional></additional>
    <quesword>weil</quesword>
    <priority>50</priority>
  </fact>
</sub>
</fact>
<fact>
  <subject>ich {} </subject>
  <verb>stinke</verb>
  <object>nothing {} </object>
  <prefix></prefix>
  <suffix></suffix>
  <feeling>normal</feeling>
  <category>normal</category>
  <additional>als</additional>
  <quesword></quesword>
  <priority>50</priority>
<sub>
  <fact>
    <subject>ich {schon lange tot}</subject>
    <verb>waere</verb>
    <object>nothing {}</object>
    <prefix></prefix>
    <suffix></suffix>
    <feeling>normal</feeling>
    <category>normal</category>
    <additional>als</additional>
    <quesword>wenn</quesword>
    <priority>50</priority>
  </fact>
</sub>
</fact>
<fact>
  <subject>du {} </subject>
  <verb>stinkst</verb>
  <object>nothing {} </object>
  <prefix></prefix>
  <suffix></suffix>
  <feeling>normal</feeling>
  <category>normal</category>
  <additional></additional>
  <quesword></quesword>
  <priority>50</priority>
<sub>
  <fact>
    <subject>du {}</subject>
    <verb>gemacht habe</verb>
    <object>Sport {}</object>
    <prefix></prefix>
    <suffix></suffix>
    <feeling>normal</feeling>
    <category>normal</category>
    <additional></additional>
    <quesword>weil</quesword>
    <priority>50</priority>
  </fact>
</sub>
</fact>
<fact>
  <subject>du {} </subject>
  <verb>glaubst</verb>
  <object>nothing {} </object>
  <prefix></prefix>
  <suffix></suffix>
  <feeling>normal</feeling>
  <category>normal</category>
  <additional></additional>
  <quesword></quesword>
  <priority>50</priority>
<sub>
  <fact>
    <subject>es {}</subject>
    <verb>regnen wird</verb>
    <object>nothing {}</object>
    <prefix></prefix>
    <suffix></suffix>
    <feeling>normal</feeling>
    <category>normal</category>
    <additional></additional>
    <quesword>dass</quesword>
    <priority>50</priority>
  </fact>
</sub>
</fact>
<fact>
  <subject>du {} </subject>
  <verb>spielst</verb>
  <object>Handball {} </object>
  <prefix></prefix>
  <suffix></suffix>
  <feeling>normal</feeling>
  <category>normal</category>
  <additional></additional>
  <quesword></quesword>
  <priority>50</priority>
<sub>
  <fact>
    <subject>du {begabt}</subject>
    <verb>bist</verb>
    <object>nothing {}</object>
    <prefix></prefix>
    <suffix></suffix>
    <feeling>normal</feeling>
    <category>normal</category>
    <additional></additional>
    <quesword>weil</quesword>
    <priority>50</priority>
  </fact>
</sub>
</fact>
<fact>
  <subject>du {} </subject>
  <verb>spielst</verb>
  <object>Fussball {} </object>
  <prefix></prefix>
  <suffix></suffix>
  <feeling>normal</feeling>
  <category>normal</category>
  <additional></additional>
  <quesword></quesword>
  <priority>50</priority>
<sub>
  <fact>
    <subject>du {}</subject>
    <verb>hast</verb>
    <object>Talent {dazu auf dem neuen Sportplatz}</object>
    <prefix></prefix>
    <suffix></suffix>
    <feeling>normal</feeling>
    <category>normal</category>
    <additional></additional>
    <quesword>weil</quesword>
    <priority>50</priority>
  </fact>
</sub>
</fact>
<fact>
  <subject>Es {} </subject>
  <verb>ist</verb>
  <object>nothing {} </object>
  <prefix></prefix>
  <suffix></suffix>
  <feeling>normal</feeling>
  <category>normal</category>
  <additional></additional>
  <quesword></quesword>
  <priority>50</priority>
<sub>
  <fact>
    <subject>dein Rolladen {}</subject>
    <verb></verb>
    <object>untenist nothing {dunkel}</object>
    <prefix></prefix>
    <suffix></suffix>
    <feeling>normal</feeling>
    <category>normal</category>
    <additional></additional>
    <quesword>weil</quesword>
    <priority>50</priority>
  </fact>
</sub>
</fact>
